year,month,id,group_name
1986,4,1,Physics
1988,11,1,Physics
1990,9,1,Physics
1991,8,27,Physics
1991,9,59,Physics
1991,10,76,Physics
1991,11,64,Physics
1991,12,76,Physics
1992,1,81,Physics
1992,2,94,Physics
1992,3,110,Physics
1992,4,175,Physics
1992,5,193,Physics
1992,6,211,Physics
1992,7,252,Physics
1992,8,195,Physics
1992,9,279,Physics
1992,10,336,Physics
1992,11,393,Physics
1992,12,355,Physics
1993,1,304,Physics
1993,2,357,Physics
1993,3,429,Physics
1993,4,410,Physics
1993,5,455,Physics
1993,6,432,Physics
1993,7,505,Physics
1993,8,436,Physics
1993,9,402,Physics
1993,10,520,Physics
1993,11,554,Physics
1993,12,570,Physics
1994,1,468,Physics
1994,2,460,Physics
1994,3,565,Physics
1994,4,503,Physics
1994,5,636,Physics
1994,6,626,Physics
1994,7,587,Physics
1994,8,528,Physics
1994,9,627,Physics
1994,10,650,Physics
1994,11,795,Physics
1994,12,773,Physics
1995,1,613,Physics
1995,2,655,Physics
1995,3,772,Physics
1995,4,626,Physics
1995,5,709,Physics
1995,6,789,Physics
1995,7,734,Physics
1995,8,671,Physics
1995,9,736,Physics
1995,10,863,Physics
1995,11,807,Physics
1995,12,729,Physics
1996,1,641,Physics
1996,2,709,Physics
1996,3,752,Physics
1996,4,746,Physics
1996,5,838,Physics
1996,6,857,Physics
1996,7,952,Physics
1996,8,1013,Physics
1996,9,905,Physics
1996,10,1124,Physics
1996,11,1090,Physics
1996,12,1049,Physics
1997,1,981,Physics
1997,2,961,Physics
1997,3,1023,Physics
1997,4,1051,Physics
1997,5,1175,Physics
1997,6,1250,Physics
1997,7,1270,Physics
1997,8,1036,Physics
1997,9,1366,Physics
1997,10,1460,Physics
1997,11,1238,Physics
1997,12,1308,Physics
1998,1,1240,Physics
1998,2,1136,Physics
1998,3,1378,Physics
1998,4,1226,Physics
1998,5,1404,Physics
1998,6,1457,Physics
1998,7,1518,Physics
1998,8,1306,Physics
1998,9,1645,Physics
1998,10,1601,Physics
1998,11,1533,Physics
1998,12,1503,Physics
1999,1,1267,Physics
1999,2,1333,Physics
1999,3,1646,Physics
1999,4,1514,Physics
1999,5,1577,Physics
1999,6,1682,Physics
1999,7,1724,Physics
1999,8,1554,Physics
1999,9,1759,Physics
1999,10,1707,Physics
1999,11,1791,Physics
1999,12,1763,Physics
2000,1,1597,Physics
2000,2,1575,Physics
2000,3,1794,Physics
2000,4,1510,Physics
2000,5,1755,Physics
2000,6,1708,Physics
2000,7,1737,Physics
2000,8,1838,Physics
2000,9,1757,Physics
2000,10,1895,Physics
2000,11,1964,Physics
2000,12,1886,Physics
2001,1,1668,Physics
2001,2,1675,Physics
2001,3,1951,Physics
2001,4,1807,Physics
2001,5,2063,Physics
2001,6,2011,Physics
2001,7,1889,Physics
2001,8,1662,Physics
2001,9,1709,Physics
2001,10,2260,Physics
2001,11,2289,Physics
2001,12,1823,Physics
2002,1,1849,Physics
2002,2,1720,Physics
2002,3,1849,Physics
2002,4,1907,Physics
2002,5,2133,Physics
2002,6,1892,Physics
2002,7,2152,Physics
2002,8,1875,Physics
2002,9,2238,Physics
2002,10,2339,Physics
2002,11,2325,Physics
2002,12,2202,Physics
2003,1,1868,Physics
2003,2,1918,Physics
2003,3,1964,Physics
2003,4,2010,Physics
2003,5,2192,Physics
2003,6,2265,Physics
2003,7,2415,Physics
2003,8,1922,Physics
2003,9,2281,Physics
2003,10,2343,Physics
2003,11,2185,Physics
2003,12,2369,Physics
2004,1,2012,Physics
2004,2,2177,Physics
2004,3,2303,Physics
2004,4,2198,Physics
2004,5,2286,Physics
2004,6,2424,Physics
2004,7,2532,Physics
2004,8,2252,Physics
2004,9,2572,Physics
2004,10,2749,Physics
2004,11,2613,Physics
2004,12,2672,Physics
2005,1,2225,Physics
2005,2,2009,Physics
2005,3,2435,Physics
2005,4,2431,Physics
2005,5,2404,Physics
2005,6,2556,Physics
2005,7,2558,Physics
2005,8,2304,Physics
2005,9,2654,Physics
2005,10,2844,Physics
2005,11,2705,Physics
2005,12,2760,Physics
2006,1,2291,Physics
2006,2,2190,Physics
2006,3,2576,Physics
2006,4,2259,Physics
2006,5,2556,Physics
2006,6,2521,Physics
2006,7,2641,Physics
2006,8,2512,Physics
2006,9,2542,Physics
2006,10,3093,Physics
2006,11,2856,Physics
2006,12,2639,Physics
2007,1,2612,Physics
2007,2,2411,Physics
2007,3,2687,Physics
2007,4,2281,Physics
2007,5,2816,Physics
2007,6,2690,Physics
2007,7,2750,Physics
2007,8,2545,Physics
2007,9,2762,Physics
2007,10,3350,Physics
2007,11,2848,Physics
2007,12,2638,Physics
2008,1,2594,Physics
2008,2,2351,Physics
2008,3,2570,Physics
2008,4,2744,Physics
2008,5,2789,Physics
2008,6,2886,Physics
2008,7,3097,Physics
2008,8,2575,Physics
2008,9,2900,Physics
2008,10,3360,Physics
2008,11,2829,Physics
2008,12,3042,Physics
2009,1,3583,Physics
2009,2,3526,Physics
2009,3,3818,Physics
2009,4,3433,Physics
2009,5,3619,Physics
2009,6,3854,Physics
2009,7,4047,Physics
2009,8,3310,Physics
2009,9,4024,Physics
2009,10,4289,Physics
2009,11,4018,Physics
2009,12,4045,Physics
2010,1,3605,Physics
2010,2,3415,Physics
2010,3,4075,Physics
2010,4,3699,Physics
2010,5,3903,Physics
2010,6,4023,Physics
2010,7,3902,Physics
2010,8,3767,Physics
2010,9,4223,Physics
2010,10,4401,Physics
2010,11,4470,Physics
2010,12,4348,Physics
2011,1,3996,Physics
2011,2,3780,Physics
2011,3,4140,Physics
2011,4,3820,Physics
2011,5,4209,Physics
2011,6,4284,Physics
2011,7,4170,Physics
2011,8,4104,Physics
2011,9,4628,Physics
2011,10,4618,Physics
2011,11,4926,Physics
2011,12,4439,Physics
2012,1,4175,Physics
2012,2,4192,Physics
2012,3,4320,Physics
2012,4,4207,Physics
2012,5,4536,Physics
2012,6,4489,Physics
2012,7,4584,Physics
2012,8,4232,Physics
2012,9,4348,Physics
2012,10,5225,Physics
2012,11,4658,Physics
2012,12,4408,Physics
2013,1,4619,Physics
2013,2,4327,Physics
2013,3,4618,Physics
2013,4,4539,Physics
2013,5,4639,Physics
2013,6,4386,Physics
2013,7,5081,Physics
2013,8,4322,Physics
2013,9,4748,Physics
2013,10,5277,Physics
2013,11,4709,Physics
2013,12,4579,Physics
2014,1,4574,Physics
2014,2,4292,Physics
2014,3,4805,Physics
2014,4,4423,Physics
2014,5,4609,Physics
2014,6,4610,Physics
2014,7,5133,Physics
2014,8,4380,Physics
2014,9,5029,Physics
2014,10,5199,Physics
2014,11,4776,Physics
2014,12,5108,Physics
2015,1,4498,Physics
2015,2,4537,Physics
2015,3,5084,Physics
2015,4,4738,Physics
2015,5,4729,Physics
2015,6,5046,Physics
2015,7,5075,Physics
2015,8,4588,Physics
2015,9,5314,Physics
2015,10,5468,Physics
2015,11,5195,Physics
2015,12,5474,Physics
2016,1,4838,Physics
2016,2,4769,Physics
2016,3,5301,Physics
2016,4,4854,Physics
2016,5,5251,Physics
2016,6,5077,Physics
2016,7,5074,Physics
2016,8,4882,Physics
2016,9,5331,Physics
2016,10,5456,Physics
2016,11,5469,Physics
2016,12,5303,Physics
2017,1,4708,Physics
2017,2,4506,Physics
2017,3,5507,Physics
2017,4,4714,Physics
2017,5,5497,Physics
2017,6,5271,Physics
2017,7,4905,Physics
2017,8,4951,Physics
2017,9,5224,Physics
2017,10,5947,Physics
2017,11,5725,Physics
2017,12,5606,Physics
2018,1,5235,Physics
2018,2,4823,Physics
2018,3,5503,Physics
2018,4,5220,Physics
2018,5,5781,Physics
2018,6,5554,Physics
2018,7,5649,Physics
2018,8,5139,Physics
2018,9,5286,Physics
2018,10,6147,Physics
2018,11,5925,Physics
2018,12,5667,Physics
2019,1,5328,Physics
2019,2,5017,Physics
2019,3,6070,Physics
2019,4,5626,Physics
2019,5,5934,Physics
2019,6,5444,Physics
2019,7,5943,Physics
2019,8,5404,Physics
2019,9,6010,Physics
2019,10,6377,Physics
2019,11,5774,Physics
2019,12,6092,Physics
2020,1,5269,Physics
2020,2,5322,Physics
2020,3,5938,Physics
2020,4,6203,Physics
2020,5,6357,Physics
2020,6,6701,Physics
2020,7,6829,Physics
2020,8,5948,Physics
2020,9,6337,Physics
2020,10,6363,Physics
2020,11,6156,Physics
2020,12,6809,Physics
2021,1,5510,Physics
2021,2,5452,Physics
2021,3,6706,Physics
2021,4,5897,Physics
2021,5,6081,Physics
2021,6,6079,Physics
2021,7,6258,Physics
2021,8,5655,Physics
2021,9,6053,Physics
2021,10,6391,Physics
2021,11,5128,Physics
1989,4,1,Mathematics
1989,10,3,Mathematics
1989,11,2,Mathematics
1990,1,5,Mathematics
1990,2,2,Mathematics
1990,3,2,Mathematics
1990,4,1,Mathematics
1990,5,2,Mathematics
1990,6,2,Mathematics
1990,7,2,Mathematics
1990,8,1,Mathematics
1990,9,4,Mathematics
1990,11,1,Mathematics
1990,12,2,Mathematics
1991,1,10,Mathematics
1991,2,3,Mathematics
1991,3,3,Mathematics
1991,4,4,Mathematics
1991,5,3,Mathematics
1991,6,6,Mathematics
1991,7,4,Mathematics
1991,8,2,Mathematics
1991,9,2,Mathematics
1991,10,9,Mathematics
1991,11,8,Mathematics
1991,12,7,Mathematics
1992,1,30,Mathematics
1992,2,42,Mathematics
1992,3,12,Mathematics
1992,4,43,Mathematics
1992,5,23,Mathematics
1992,6,18,Mathematics
1992,7,28,Mathematics
1992,8,12,Mathematics
1992,9,32,Mathematics
1992,10,47,Mathematics
1992,11,40,Mathematics
1992,12,31,Mathematics
1993,1,47,Mathematics
1993,2,48,Mathematics
1993,3,42,Mathematics
1993,4,43,Mathematics
1993,5,42,Mathematics
1993,6,47,Mathematics
1993,7,60,Mathematics
1993,8,45,Mathematics
1993,9,43,Mathematics
1993,10,66,Mathematics
1993,11,55,Mathematics
1993,12,65,Mathematics
1994,1,61,Mathematics
1994,2,64,Mathematics
1994,3,77,Mathematics
1994,4,77,Mathematics
1994,5,66,Mathematics
1994,6,79,Mathematics
1994,7,79,Mathematics
1994,8,57,Mathematics
1994,9,69,Mathematics
1994,10,93,Mathematics
1994,11,120,Mathematics
1994,12,106,Mathematics
1995,1,104,Mathematics
1995,2,105,Mathematics
1995,3,114,Mathematics
1995,4,84,Mathematics
1995,5,105,Mathematics
1995,6,107,Mathematics
1995,7,96,Mathematics
1995,8,84,Mathematics
1995,9,82,Mathematics
1995,10,98,Mathematics
1995,11,110,Mathematics
1995,12,109,Mathematics
1996,1,100,Mathematics
1996,2,113,Mathematics
1996,3,105,Mathematics
1996,4,133,Mathematics
1996,5,126,Mathematics
1996,6,107,Mathematics
1996,7,118,Mathematics
1996,8,106,Mathematics
1996,9,103,Mathematics
1996,10,127,Mathematics
1996,11,135,Mathematics
1996,12,146,Mathematics
1997,1,156,Mathematics
1997,2,148,Mathematics
1997,3,160,Mathematics
1997,4,125,Mathematics
1997,5,125,Mathematics
1997,6,129,Mathematics
1997,7,156,Mathematics
1997,8,110,Mathematics
1997,9,168,Mathematics
1997,10,175,Mathematics
1997,11,143,Mathematics
1997,12,254,Mathematics
1998,1,195,Mathematics
1998,2,161,Mathematics
1998,3,204,Mathematics
1998,4,207,Mathematics
1998,5,217,Mathematics
1998,6,218,Mathematics
1998,7,258,Mathematics
1998,8,191,Mathematics
1998,9,284,Mathematics
1998,10,275,Mathematics
1998,11,255,Mathematics
1998,12,232,Mathematics
1999,1,209,Mathematics
1999,2,235,Mathematics
1999,3,291,Mathematics
1999,4,267,Mathematics
1999,5,282,Mathematics
1999,6,291,Mathematics
1999,7,294,Mathematics
1999,8,236,Mathematics
1999,9,265,Mathematics
1999,10,274,Mathematics
1999,11,377,Mathematics
1999,12,319,Mathematics
2000,1,275,Mathematics
2000,2,349,Mathematics
2000,3,341,Mathematics
2000,4,282,Mathematics
2000,5,384,Mathematics
2000,6,307,Mathematics
2000,7,286,Mathematics
2000,8,338,Mathematics
2000,9,338,Mathematics
2000,10,415,Mathematics
2000,11,387,Mathematics
2000,12,391,Mathematics
2001,1,351,Mathematics
2001,2,305,Mathematics
2001,3,346,Mathematics
2001,4,357,Mathematics
2001,5,392,Mathematics
2001,6,361,Mathematics
2001,7,304,Mathematics
2001,8,306,Mathematics
2001,9,320,Mathematics
2001,10,443,Mathematics
2001,11,435,Mathematics
2001,12,431,Mathematics
2002,1,453,Mathematics
2002,2,415,Mathematics
2002,3,415,Mathematics
2002,4,440,Mathematics
2002,5,437,Mathematics
2002,6,423,Mathematics
2002,7,407,Mathematics
2002,8,344,Mathematics
2002,9,538,Mathematics
2002,10,606,Mathematics
2002,11,600,Mathematics
2002,12,558,Mathematics
2003,1,486,Mathematics
2003,2,469,Mathematics
2003,3,531,Mathematics
2003,4,595,Mathematics
2003,5,570,Mathematics
2003,6,562,Mathematics
2003,7,527,Mathematics
2003,8,399,Mathematics
2003,9,593,Mathematics
2003,10,622,Mathematics
2003,11,654,Mathematics
2003,12,639,Mathematics
2004,1,546,Mathematics
2004,2,605,Mathematics
2004,3,669,Mathematics
2004,4,697,Mathematics
2004,5,737,Mathematics
2004,6,755,Mathematics
2004,7,672,Mathematics
2004,8,554,Mathematics
2004,9,767,Mathematics
2004,10,785,Mathematics
2004,11,807,Mathematics
2004,12,757,Mathematics
2005,1,730,Mathematics
2005,2,716,Mathematics
2005,3,899,Mathematics
2005,4,786,Mathematics
2005,5,839,Mathematics
2005,6,814,Mathematics
2005,7,775,Mathematics
2005,8,811,Mathematics
2005,9,915,Mathematics
2005,10,888,Mathematics
2005,11,958,Mathematics
2005,12,873,Mathematics
2006,1,943,Mathematics
2006,2,857,Mathematics
2006,3,960,Mathematics
2006,4,825,Mathematics
2006,5,974,Mathematics
2006,6,962,Mathematics
2006,7,1004,Mathematics
2006,8,964,Mathematics
2006,9,1068,Mathematics
2006,10,1170,Mathematics
2006,11,1165,Mathematics
2006,12,1095,Mathematics
2007,1,1145,Mathematics
2007,2,1126,Mathematics
2007,3,1166,Mathematics
2007,4,1026,Mathematics
2007,5,1116,Mathematics
2007,6,1129,Mathematics
2007,7,1168,Mathematics
2007,8,1118,Mathematics
2007,9,1245,Mathematics
2007,10,1439,Mathematics
2007,11,1329,Mathematics
2007,12,1232,Mathematics
2008,1,1223,Mathematics
2008,2,1220,Mathematics
2008,3,1282,Mathematics
2008,4,1396,Mathematics
2008,5,1300,Mathematics
2008,6,1297,Mathematics
2008,7,1250,Mathematics
2008,8,1050,Mathematics
2008,9,1341,Mathematics
2008,10,1483,Mathematics
2008,11,1328,Mathematics
2008,12,1347,Mathematics
2009,1,1307,Mathematics
2009,2,1386,Mathematics
2009,3,1630,Mathematics
2009,4,1407,Mathematics
2009,5,1458,Mathematics
2009,6,1486,Mathematics
2009,7,1423,Mathematics
2009,8,1241,Mathematics
2009,9,1547,Mathematics
2009,10,1641,Mathematics
2009,11,1561,Mathematics
2009,12,1498,Mathematics
2010,1,1661,Mathematics
2010,2,1475,Mathematics
2010,3,1804,Mathematics
2010,4,1757,Mathematics
2010,5,1709,Mathematics
2010,6,1740,Mathematics
2010,7,1662,Mathematics
2010,8,1586,Mathematics
2010,9,1871,Mathematics
2010,10,2090,Mathematics
2010,11,1926,Mathematics
2010,12,1890,Mathematics
2011,1,1783,Mathematics
2011,2,1916,Mathematics
2011,3,2087,Mathematics
2011,4,1893,Mathematics
2011,5,2064,Mathematics
2011,6,1880,Mathematics
2011,7,1918,Mathematics
2011,8,1904,Mathematics
2011,9,2131,Mathematics
2011,10,2209,Mathematics
2011,11,2208,Mathematics
2011,12,2168,Mathematics
2012,1,2122,Mathematics
2012,2,2163,Mathematics
2012,3,2337,Mathematics
2012,4,2104,Mathematics
2012,5,2300,Mathematics
2012,6,2166,Mathematics
2012,7,2282,Mathematics
2012,8,2000,Mathematics
2012,9,2243,Mathematics
2012,10,2714,Mathematics
2012,11,2491,Mathematics
2012,12,2321,Mathematics
2013,1,2525,Mathematics
2013,2,2416,Mathematics
2013,3,2547,Mathematics
2013,4,2499,Mathematics
2013,5,2465,Mathematics
2013,6,2304,Mathematics
2013,7,2587,Mathematics
2013,8,2200,Mathematics
2013,9,2591,Mathematics
2013,10,2834,Mathematics
2013,11,2544,Mathematics
2013,12,2710,Mathematics
2014,1,2680,Mathematics
2014,2,2468,Mathematics
2014,3,2806,Mathematics
2014,4,2612,Mathematics
2014,5,2628,Mathematics
2014,6,2489,Mathematics
2014,7,2714,Mathematics
2014,8,2406,Mathematics
2014,9,2773,Mathematics
2014,10,2923,Mathematics
2014,11,2791,Mathematics
2014,12,2809,Mathematics
2015,1,2719,Mathematics
2015,2,2609,Mathematics
2015,3,3043,Mathematics
2015,4,2808,Mathematics
2015,5,2793,Mathematics
2015,6,2977,Mathematics
2015,7,2968,Mathematics
2015,8,2707,Mathematics
2015,9,3067,Mathematics
2015,10,3102,Mathematics
2015,11,2956,Mathematics
2015,12,2986,Mathematics
2016,1,3006,Mathematics
2016,2,2988,Mathematics
2016,3,3182,Mathematics
2016,4,2880,Mathematics
2016,5,3165,Mathematics
2016,6,2954,Mathematics
2016,7,2823,Mathematics
2016,8,2795,Mathematics
2016,9,3166,Mathematics
2016,10,3207,Mathematics
2016,11,3154,Mathematics
2016,12,3072,Mathematics
2017,1,3137,Mathematics
2017,2,2854,Mathematics
2017,3,3520,Mathematics
2017,4,2866,Mathematics
2017,5,3382,Mathematics
2017,6,3177,Mathematics
2017,7,3093,Mathematics
2017,8,3019,Mathematics
2017,9,3278,Mathematics
2017,10,3500,Mathematics
2017,11,3422,Mathematics
2017,12,3231,Mathematics
2018,1,3204,Mathematics
2018,2,3148,Mathematics
2018,3,3515,Mathematics
2018,4,3220,Mathematics
2018,5,3490,Mathematics
2018,6,3257,Mathematics
2018,7,3197,Mathematics
2018,8,3115,Mathematics
2018,9,3334,Mathematics
2018,10,3714,Mathematics
2018,11,3424,Mathematics
2018,12,3411,Mathematics
2019,1,3438,Mathematics
2019,2,3283,Mathematics
2019,3,3717,Mathematics
2019,4,3439,Mathematics
2019,5,3728,Mathematics
2019,6,3309,Mathematics
2019,7,3668,Mathematics
2019,8,3156,Mathematics
2019,9,3640,Mathematics
2019,10,4110,Mathematics
2019,11,3580,Mathematics
2019,12,3880,Mathematics
2020,1,3498,Mathematics
2020,2,3691,Mathematics
2020,3,3882,Mathematics
2020,4,3846,Mathematics
2020,5,3969,Mathematics
2020,6,4260,Mathematics
2020,7,4047,Mathematics
2020,8,3434,Mathematics
2020,9,3809,Mathematics
2020,10,4050,Mathematics
2020,11,3653,Mathematics
2020,12,3946,Mathematics
2021,1,3571,Mathematics
2021,2,3593,Mathematics
2021,3,4072,Mathematics
2021,4,3607,Mathematics
2021,5,3867,Mathematics
2021,6,3880,Mathematics
2021,7,3815,Mathematics
2021,8,3425,Mathematics
2021,9,3731,Mathematics
2021,10,3884,Mathematics
2021,11,2959,Mathematics
1990,1,1,Computer Science
1990,4,1,Computer Science
1991,8,1,Computer Science
1991,11,1,Computer Science
1991,12,1,Computer Science
1992,7,1,Computer Science
1993,8,2,Computer Science
1993,9,1,Computer Science
1993,10,1,Computer Science
1993,11,2,Computer Science
1993,12,1,Computer Science
1994,1,2,Computer Science
1994,2,3,Computer Science
1994,3,1,Computer Science
1994,4,11,Computer Science
1994,5,34,Computer Science
1994,6,43,Computer Science
1994,7,30,Computer Science
1994,8,24,Computer Science
1994,9,20,Computer Science
1994,10,36,Computer Science
1994,11,36,Computer Science
1994,12,11,Computer Science
1995,1,8,Computer Science
1995,2,39,Computer Science
1995,3,26,Computer Science
1995,4,36,Computer Science
1995,5,51,Computer Science
1995,6,27,Computer Science
1995,7,16,Computer Science
1995,8,16,Computer Science
1995,9,6,Computer Science
1995,10,10,Computer Science
1995,11,8,Computer Science
1995,12,12,Computer Science
1996,1,12,Computer Science
1996,2,6,Computer Science
1996,3,11,Computer Science
1996,4,30,Computer Science
1996,5,43,Computer Science
1996,6,35,Computer Science
1996,7,37,Computer Science
1996,8,26,Computer Science
1996,9,12,Computer Science
1996,10,9,Computer Science
1996,11,8,Computer Science
1996,12,8,Computer Science
1997,1,6,Computer Science
1997,2,18,Computer Science
1997,3,10,Computer Science
1997,4,16,Computer Science
1997,5,19,Computer Science
1997,6,31,Computer Science
1997,7,23,Computer Science
1997,8,13,Computer Science
1997,9,17,Computer Science
1997,10,9,Computer Science
1997,11,17,Computer Science
1997,12,12,Computer Science
1998,1,9,Computer Science
1998,2,5,Computer Science
1998,3,6,Computer Science
1998,4,7,Computer Science
1998,5,15,Computer Science
1998,6,22,Computer Science
1998,7,15,Computer Science
1998,8,28,Computer Science
1998,9,133,Computer Science
1998,10,35,Computer Science
1998,11,32,Computer Science
1998,12,25,Computer Science
1999,1,18,Computer Science
1999,2,33,Computer Science
1999,3,24,Computer Science
1999,4,27,Computer Science
1999,5,22,Computer Science
1999,6,38,Computer Science
1999,7,46,Computer Science
1999,8,18,Computer Science
1999,9,26,Computer Science
1999,10,30,Computer Science
1999,11,19,Computer Science
1999,12,24,Computer Science
2000,1,31,Computer Science
2000,2,24,Computer Science
2000,3,87,Computer Science
2000,4,19,Computer Science
2000,5,46,Computer Science
2000,6,49,Computer Science
2000,7,48,Computer Science
2000,8,40,Computer Science
2000,9,40,Computer Science
2000,10,47,Computer Science
2000,11,52,Computer Science
2000,12,26,Computer Science
2001,1,39,Computer Science
2001,2,34,Computer Science
2001,3,39,Computer Science
2001,4,28,Computer Science
2001,5,39,Computer Science
2001,6,63,Computer Science
2001,7,39,Computer Science
2001,8,28,Computer Science
2001,9,126,Computer Science
2001,10,74,Computer Science
2001,11,70,Computer Science
2001,12,30,Computer Science
2002,1,35,Computer Science
2002,2,46,Computer Science
2002,3,41,Computer Science
2002,4,63,Computer Science
2002,5,91,Computer Science
2002,6,47,Computer Science
2002,7,115,Computer Science
2002,8,53,Computer Science
2002,9,46,Computer Science
2002,10,40,Computer Science
2002,11,58,Computer Science
2002,12,65,Computer Science
2003,1,47,Computer Science
2003,2,49,Computer Science
2003,3,42,Computer Science
2003,4,61,Computer Science
2003,5,91,Computer Science
2003,6,141,Computer Science
2003,7,87,Computer Science
2003,8,55,Computer Science
2003,9,68,Computer Science
2003,10,79,Computer Science
2003,11,72,Computer Science
2003,12,67,Computer Science
2004,1,40,Computer Science
2004,2,81,Computer Science
2004,3,61,Computer Science
2004,4,67,Computer Science
2004,5,123,Computer Science
2004,6,81,Computer Science
2004,7,78,Computer Science
2004,8,76,Computer Science
2004,9,67,Computer Science
2004,10,94,Computer Science
2004,11,120,Computer Science
2004,12,130,Computer Science
2005,1,109,Computer Science
2005,2,110,Computer Science
2005,3,107,Computer Science
2005,4,128,Computer Science
2005,5,99,Computer Science
2005,6,122,Computer Science
2005,7,87,Computer Science
2005,8,153,Computer Science
2005,9,111,Computer Science
2005,10,113,Computer Science
2005,11,125,Computer Science
2005,12,115,Computer Science
2006,1,147,Computer Science
2006,2,127,Computer Science
2006,3,152,Computer Science
2006,4,131,Computer Science
2006,5,168,Computer Science
2006,6,140,Computer Science
2006,7,167,Computer Science
2006,8,141,Computer Science
2006,9,187,Computer Science
2006,10,184,Computer Science
2006,11,188,Computer Science
2006,12,166,Computer Science
2007,1,218,Computer Science
2007,2,193,Computer Science
2007,3,180,Computer Science
2007,4,191,Computer Science
2007,5,274,Computer Science
2007,6,172,Computer Science
2007,7,256,Computer Science
2007,8,206,Computer Science
2007,9,183,Computer Science
2007,10,412,Computer Science
2007,11,288,Computer Science
2007,12,268,Computer Science
2008,1,279,Computer Science
2008,2,386,Computer Science
2008,3,281,Computer Science
2008,4,328,Computer Science
2008,5,375,Computer Science
2008,6,310,Computer Science
2008,7,253,Computer Science
2008,8,238,Computer Science
2008,9,341,Computer Science
2008,10,291,Computer Science
2008,11,271,Computer Science
2008,12,292,Computer Science
2009,1,351,Computer Science
2009,2,313,Computer Science
2009,3,385,Computer Science
2009,4,355,Computer Science
2009,5,351,Computer Science
2009,6,441,Computer Science
2009,7,426,Computer Science
2009,8,359,Computer Science
2009,9,466,Computer Science
2009,10,445,Computer Science
2009,11,488,Computer Science
2009,12,493,Computer Science
2010,1,642,Computer Science
2010,2,535,Computer Science
2010,3,572,Computer Science
2010,4,735,Computer Science
2010,5,628,Computer Science
2010,6,766,Computer Science
2010,7,551,Computer Science
2010,8,548,Computer Science
2010,9,653,Computer Science
2010,10,611,Computer Science
2010,11,662,Computer Science
2010,12,681,Computer Science
2011,1,554,Computer Science
2011,2,802,Computer Science
2011,3,716,Computer Science
2011,4,709,Computer Science
2011,5,727,Computer Science
2011,6,833,Computer Science
2011,7,736,Computer Science
2011,8,769,Computer Science
2011,9,879,Computer Science
2011,10,767,Computer Science
2011,11,861,Computer Science
2011,12,766,Computer Science
2012,1,782,Computer Science
2012,2,1095,Computer Science
2012,3,1014,Computer Science
2012,4,1002,Computer Science
2012,5,927,Computer Science
2012,6,1261,Computer Science
2012,7,1204,Computer Science
2012,8,932,Computer Science
2012,9,937,Computer Science
2012,10,1197,Computer Science
2012,11,963,Computer Science
2012,12,1017,Computer Science
2013,1,1355,Computer Science
2013,2,1296,Computer Science
2013,3,1594,Computer Science
2013,4,1256,Computer Science
2013,5,1084,Computer Science
2013,6,1118,Computer Science
2013,7,1246,Computer Science
2013,8,1001,Computer Science
2013,9,1219,Computer Science
2013,10,1229,Computer Science
2013,11,1187,Computer Science
2013,12,1352,Computer Science
2014,1,1563,Computer Science
2014,2,1296,Computer Science
2014,3,1242,Computer Science
2014,4,1466,Computer Science
2014,5,1331,Computer Science
2014,6,1301,Computer Science
2014,7,1339,Computer Science
2014,8,1187,Computer Science
2014,9,1344,Computer Science
2014,10,1359,Computer Science
2014,11,1364,Computer Science
2014,12,1514,Computer Science
2015,1,1316,Computer Science
2015,2,1498,Computer Science
2015,3,1590,Computer Science
2015,4,1593,Computer Science
2015,5,1572,Computer Science
2015,6,1670,Computer Science
2015,7,1654,Computer Science
2015,8,1328,Computer Science
2015,9,1641,Computer Science
2015,10,1489,Computer Science
2015,11,1951,Computer Science
2015,12,1530,Computer Science
2016,1,1518,Computer Science
2016,2,1825,Computer Science
2016,3,1896,Computer Science
2016,4,1995,Computer Science
2016,5,2057,Computer Science
2016,6,2170,Computer Science
2016,7,1836,Computer Science
2016,8,1831,Computer Science
2016,9,2056,Computer Science
2016,10,2038,Computer Science
2016,11,2413,Computer Science
2016,12,2069,Computer Science
2017,1,2025,Computer Science
2017,2,2231,Computer Science
2017,3,2745,Computer Science
2017,4,2395,Computer Science
2017,5,2757,Computer Science
2017,6,2489,Computer Science
2017,7,2658,Computer Science
2017,8,2503,Computer Science
2017,9,2796,Computer Science
2017,10,2627,Computer Science
2017,11,3079,Computer Science
2017,12,2492,Computer Science
2018,1,2552,Computer Science
2018,2,3199,Computer Science
2018,3,3353,Computer Science
2018,4,3434,Computer Science
2018,5,3966,Computer Science
2018,6,3467,Computer Science
2018,7,3538,Computer Science
2018,8,3130,Computer Science
2018,9,3628,Computer Science
2018,10,3860,Computer Science
2018,11,4256,Computer Science
2018,12,3536,Computer Science
2019,1,3567,Computer Science
2019,2,3704,Computer Science
2019,3,4034,Computer Science
2019,4,4690,Computer Science
2019,5,5100,Computer Science
2019,6,4921,Computer Science
2019,7,4706,Computer Science
2019,8,4273,Computer Science
2019,9,5207,Computer Science
2019,10,5430,Computer Science
2019,11,5203,Computer Science
2019,12,4507,Computer Science
2020,1,4266,Computer Science
2020,2,5375,Computer Science
2020,3,5474,Computer Science
2020,4,6042,Computer Science
2020,5,5896,Computer Science
2020,6,6828,Computer Science
2020,7,6545,Computer Science
2020,8,5405,Computer Science
2020,9,5589,Computer Science
2020,10,7535,Computer Science
2020,11,6251,Computer Science
2020,12,6198,Computer Science
2021,1,5163,Computer Science
2021,2,6019,Computer Science
2021,3,7231,Computer Science
2021,4,6682,Computer Science
2021,5,6508,Computer Science
2021,6,7543,Computer Science
2021,7,6142,Computer Science
2021,8,5709,Computer Science
2021,9,6662,Computer Science
2021,10,7426,Computer Science
2021,11,4806,Computer Science
1992,7,1,Quantitative Biology
1992,8,1,Quantitative Biology
1993,2,1,Quantitative Biology
1993,3,1,Quantitative Biology
1993,6,2,Quantitative Biology
1994,1,1,Quantitative Biology
1994,2,1,Quantitative Biology
1994,3,1,Quantitative Biology
1994,4,1,Quantitative Biology
1994,9,1,Quantitative Biology
1994,12,2,Quantitative Biology
1995,1,2,Quantitative Biology
1995,2,1,Quantitative Biology
1995,3,1,Quantitative Biology
1995,5,2,Quantitative Biology
1995,7,1,Quantitative Biology
1995,11,1,Quantitative Biology
1995,12,1,Quantitative Biology
1996,1,2,Quantitative Biology
1996,3,2,Quantitative Biology
1996,5,2,Quantitative Biology
1996,6,1,Quantitative Biology
1996,10,1,Quantitative Biology
1996,11,3,Quantitative Biology
1997,4,1,Quantitative Biology
1997,6,2,Quantitative Biology
1997,8,3,Quantitative Biology
1997,9,3,Quantitative Biology
1997,10,2,Quantitative Biology
1997,11,4,Quantitative Biology
1997,12,5,Quantitative Biology
1998,1,1,Quantitative Biology
1998,2,1,Quantitative Biology
1998,3,1,Quantitative Biology
1998,4,5,Quantitative Biology
1998,5,1,Quantitative Biology
1998,6,6,Quantitative Biology
1998,7,5,Quantitative Biology
1998,8,1,Quantitative Biology
1998,9,2,Quantitative Biology
1998,10,5,Quantitative Biology
1998,11,7,Quantitative Biology
1998,12,2,Quantitative Biology
1999,1,4,Quantitative Biology
1999,2,5,Quantitative Biology
1999,3,11,Quantitative Biology
1999,4,4,Quantitative Biology
1999,5,6,Quantitative Biology
1999,6,4,Quantitative Biology
1999,7,9,Quantitative Biology
1999,8,5,Quantitative Biology
1999,9,7,Quantitative Biology
1999,10,5,Quantitative Biology
1999,11,5,Quantitative Biology
1999,12,5,Quantitative Biology
2000,1,4,Quantitative Biology
2000,2,5,Quantitative Biology
2000,3,4,Quantitative Biology
2000,4,9,Quantitative Biology
2000,5,4,Quantitative Biology
2000,6,6,Quantitative Biology
2000,7,10,Quantitative Biology
2000,8,6,Quantitative Biology
2000,9,4,Quantitative Biology
2000,10,6,Quantitative Biology
2000,11,5,Quantitative Biology
2000,12,7,Quantitative Biology
2001,1,10,Quantitative Biology
2001,2,9,Quantitative Biology
2001,3,8,Quantitative Biology
2001,4,8,Quantitative Biology
2001,5,13,Quantitative Biology
2001,6,6,Quantitative Biology
2001,7,11,Quantitative Biology
2001,8,12,Quantitative Biology
2001,9,9,Quantitative Biology
2001,10,6,Quantitative Biology
2001,11,12,Quantitative Biology
2001,12,9,Quantitative Biology
2002,1,12,Quantitative Biology
2002,2,13,Quantitative Biology
2002,3,14,Quantitative Biology
2002,4,16,Quantitative Biology
2002,5,7,Quantitative Biology
2002,6,20,Quantitative Biology
2002,7,14,Quantitative Biology
2002,8,11,Quantitative Biology
2002,9,20,Quantitative Biology
2002,10,14,Quantitative Biology
2002,11,12,Quantitative Biology
2002,12,16,Quantitative Biology
2003,1,17,Quantitative Biology
2003,2,18,Quantitative Biology
2003,3,16,Quantitative Biology
2003,4,12,Quantitative Biology
2003,5,12,Quantitative Biology
2003,6,30,Quantitative Biology
2003,7,29,Quantitative Biology
2003,8,45,Quantitative Biology
2003,9,77,Quantitative Biology
2003,10,82,Quantitative Biology
2003,11,63,Quantitative Biology
2003,12,67,Quantitative Biology
2004,1,61,Quantitative Biology
2004,2,67,Quantitative Biology
2004,3,54,Quantitative Biology
2004,4,55,Quantitative Biology
2004,5,40,Quantitative Biology
2004,6,72,Quantitative Biology
2004,7,52,Quantitative Biology
2004,8,35,Quantitative Biology
2004,9,53,Quantitative Biology
2004,10,55,Quantitative Biology
2004,11,74,Quantitative Biology
2004,12,68,Quantitative Biology
2005,1,50,Quantitative Biology
2005,2,54,Quantitative Biology
2005,3,52,Quantitative Biology
2005,4,53,Quantitative Biology
2005,5,66,Quantitative Biology
2005,6,51,Quantitative Biology
2005,7,56,Quantitative Biology
2005,8,56,Quantitative Biology
2005,9,50,Quantitative Biology
2005,10,70,Quantitative Biology
2005,11,66,Quantitative Biology
2005,12,63,Quantitative Biology
2006,1,68,Quantitative Biology
2006,2,38,Quantitative Biology
2006,3,51,Quantitative Biology
2006,4,54,Quantitative Biology
2006,5,60,Quantitative Biology
2006,6,54,Quantitative Biology
2006,7,62,Quantitative Biology
2006,8,53,Quantitative Biology
2006,9,66,Quantitative Biology
2006,10,75,Quantitative Biology
2006,11,102,Quantitative Biology
2006,12,66,Quantitative Biology
2007,1,62,Quantitative Biology
2007,2,74,Quantitative Biology
2007,3,92,Quantitative Biology
2007,4,69,Quantitative Biology
2007,5,77,Quantitative Biology
2007,6,83,Quantitative Biology
2007,7,76,Quantitative Biology
2007,8,87,Quantitative Biology
2007,9,76,Quantitative Biology
2007,10,79,Quantitative Biology
2007,11,87,Quantitative Biology
2007,12,86,Quantitative Biology
2008,1,77,Quantitative Biology
2008,2,77,Quantitative Biology
2008,3,71,Quantitative Biology
2008,4,78,Quantitative Biology
2008,5,58,Quantitative Biology
2008,6,90,Quantitative Biology
2008,7,100,Quantitative Biology
2008,8,65,Quantitative Biology
2008,9,72,Quantitative Biology
2008,10,83,Quantitative Biology
2008,11,90,Quantitative Biology
2008,12,88,Quantitative Biology
2009,1,98,Quantitative Biology
2009,2,80,Quantitative Biology
2009,3,76,Quantitative Biology
2009,4,97,Quantitative Biology
2009,5,90,Quantitative Biology
2009,6,85,Quantitative Biology
2009,7,85,Quantitative Biology
2009,8,73,Quantitative Biology
2009,9,78,Quantitative Biology
2009,10,94,Quantitative Biology
2009,11,81,Quantitative Biology
2009,12,97,Quantitative Biology
2010,1,82,Quantitative Biology
2010,2,96,Quantitative Biology
2010,3,116,Quantitative Biology
2010,4,97,Quantitative Biology
2010,5,97,Quantitative Biology
2010,6,108,Quantitative Biology
2010,7,111,Quantitative Biology
2010,8,97,Quantitative Biology
2010,9,88,Quantitative Biology
2010,10,108,Quantitative Biology
2010,11,103,Quantitative Biology
2010,12,132,Quantitative Biology
2011,1,118,Quantitative Biology
2011,2,110,Quantitative Biology
2011,3,106,Quantitative Biology
2011,4,115,Quantitative Biology
2011,5,128,Quantitative Biology
2011,6,104,Quantitative Biology
2011,7,108,Quantitative Biology
2011,8,117,Quantitative Biology
2011,9,131,Quantitative Biology
2011,10,118,Quantitative Biology
2011,11,123,Quantitative Biology
2011,12,139,Quantitative Biology
2012,1,118,Quantitative Biology
2012,2,123,Quantitative Biology
2012,3,122,Quantitative Biology
2012,4,127,Quantitative Biology
2012,5,135,Quantitative Biology
2012,6,148,Quantitative Biology
2012,7,156,Quantitative Biology
2012,8,143,Quantitative Biology
2012,9,172,Quantitative Biology
2012,10,198,Quantitative Biology
2012,11,151,Quantitative Biology
2012,12,171,Quantitative Biology
2013,1,178,Quantitative Biology
2013,2,161,Quantitative Biology
2013,3,163,Quantitative Biology
2013,4,204,Quantitative Biology
2013,5,200,Quantitative Biology
2013,6,177,Quantitative Biology
2013,7,238,Quantitative Biology
2013,8,197,Quantitative Biology
2013,9,234,Quantitative Biology
2013,10,214,Quantitative Biology
2013,11,169,Quantitative Biology
2013,12,199,Quantitative Biology
2014,1,136,Quantitative Biology
2014,2,171,Quantitative Biology
2014,3,196,Quantitative Biology
2014,4,193,Quantitative Biology
2014,5,166,Quantitative Biology
2014,6,180,Quantitative Biology
2014,7,227,Quantitative Biology
2014,8,162,Quantitative Biology
2014,9,195,Quantitative Biology
2014,10,192,Quantitative Biology
2014,11,195,Quantitative Biology
2014,12,197,Quantitative Biology
2015,1,187,Quantitative Biology
2015,2,170,Quantitative Biology
2015,3,197,Quantitative Biology
2015,4,173,Quantitative Biology
2015,5,216,Quantitative Biology
2015,6,180,Quantitative Biology
2015,7,181,Quantitative Biology
2015,8,175,Quantitative Biology
2015,9,188,Quantitative Biology
2015,10,203,Quantitative Biology
2015,11,198,Quantitative Biology
2015,12,232,Quantitative Biology
2016,1,180,Quantitative Biology
2016,2,197,Quantitative Biology
2016,3,189,Quantitative Biology
2016,4,196,Quantitative Biology
2016,5,218,Quantitative Biology
2016,6,204,Quantitative Biology
2016,7,178,Quantitative Biology
2016,8,188,Quantitative Biology
2016,9,232,Quantitative Biology
2016,10,248,Quantitative Biology
2016,11,235,Quantitative Biology
2016,12,196,Quantitative Biology
2017,1,203,Quantitative Biology
2017,2,174,Quantitative Biology
2017,3,241,Quantitative Biology
2017,4,187,Quantitative Biology
2017,5,225,Quantitative Biology
2017,6,201,Quantitative Biology
2017,7,199,Quantitative Biology
2017,8,197,Quantitative Biology
2017,9,191,Quantitative Biology
2017,10,261,Quantitative Biology
2017,11,209,Quantitative Biology
2017,12,197,Quantitative Biology
2018,1,245,Quantitative Biology
2018,2,214,Quantitative Biology
2018,3,246,Quantitative Biology
2018,4,189,Quantitative Biology
2018,5,213,Quantitative Biology
2018,6,238,Quantitative Biology
2018,7,208,Quantitative Biology
2018,8,198,Quantitative Biology
2018,9,241,Quantitative Biology
2018,10,253,Quantitative Biology
2018,11,246,Quantitative Biology
2018,12,240,Quantitative Biology
2019,1,189,Quantitative Biology
2019,2,231,Quantitative Biology
2019,3,227,Quantitative Biology
2019,4,228,Quantitative Biology
2019,5,249,Quantitative Biology
2019,6,233,Quantitative Biology
2019,7,238,Quantitative Biology
2019,8,233,Quantitative Biology
2019,9,251,Quantitative Biology
2019,10,285,Quantitative Biology
2019,11,303,Quantitative Biology
2019,12,247,Quantitative Biology
2020,1,226,Quantitative Biology
2020,2,284,Quantitative Biology
2020,3,386,Quantitative Biology
2020,4,513,Quantitative Biology
2020,5,476,Quantitative Biology
2020,6,435,Quantitative Biology
2020,7,405,Quantitative Biology
2020,8,306,Quantitative Biology
2020,9,282,Quantitative Biology
2020,10,343,Quantitative Biology
2020,11,318,Quantitative Biology
2020,12,281,Quantitative Biology
2021,1,262,Quantitative Biology
2021,2,281,Quantitative Biology
2021,3,300,Quantitative Biology
2021,4,258,Quantitative Biology
2021,5,246,Quantitative Biology
2021,6,288,Quantitative Biology
2021,7,273,Quantitative Biology
2021,8,215,Quantitative Biology
2021,9,275,Quantitative Biology
2021,10,309,Quantitative Biology
2021,11,234,Quantitative Biology
1994,6,1,Statistics
1997,1,1,Statistics
1998,8,1,Statistics
1999,1,1,Statistics
1999,10,1,Statistics
2000,2,1,Statistics
2000,3,1,Statistics
2000,6,1,Statistics
2000,8,1,Statistics
2000,9,3,Statistics
2000,11,1,Statistics
2000,12,1,Statistics
2001,1,1,Statistics
2001,4,1,Statistics
2001,5,1,Statistics
2001,6,1,Statistics
2001,7,1,Statistics
2001,9,2,Statistics
2001,10,3,Statistics
2001,11,4,Statistics
2001,12,3,Statistics
2002,1,1,Statistics
2002,2,2,Statistics
2002,3,3,Statistics
2002,4,1,Statistics
2002,6,4,Statistics
2002,7,3,Statistics
2002,10,2,Statistics
2002,11,1,Statistics
2002,12,9,Statistics
2003,1,2,Statistics
2003,2,2,Statistics
2003,4,3,Statistics
2003,5,11,Statistics
2003,6,3,Statistics
2003,7,3,Statistics
2003,8,2,Statistics
2003,9,2,Statistics
2003,10,4,Statistics
2003,11,2,Statistics
2003,12,3,Statistics
2004,1,4,Statistics
2004,2,2,Statistics
2004,3,2,Statistics
2004,4,3,Statistics
2004,5,14,Statistics
2004,6,52,Statistics
2004,7,3,Statistics
2004,8,4,Statistics
2004,9,16,Statistics
2004,10,34,Statistics
2004,11,14,Statistics
2004,12,13,Statistics
2005,1,12,Statistics
2005,2,16,Statistics
2005,3,30,Statistics
2005,4,26,Statistics
2005,5,37,Statistics
2005,6,18,Statistics
2005,7,34,Statistics
2005,8,56,Statistics
2005,9,23,Statistics
2005,10,17,Statistics
2005,11,23,Statistics
2005,12,12,Statistics
2006,1,17,Statistics
2006,2,38,Statistics
2006,3,44,Statistics
2006,4,26,Statistics
2006,5,47,Statistics
2006,6,35,Statistics
2006,7,38,Statistics
2006,8,32,Statistics
2006,9,50,Statistics
2006,10,46,Statistics
2006,11,84,Statistics
2006,12,53,Statistics
2007,1,62,Statistics
2007,2,74,Statistics
2007,3,39,Statistics
2007,4,38,Statistics
2007,5,46,Statistics
2007,6,47,Statistics
2007,7,48,Statistics
2007,8,152,Statistics
2007,9,81,Statistics
2007,10,117,Statistics
2007,11,75,Statistics
2007,12,73,Statistics
2008,1,72,Statistics
2008,2,107,Statistics
2008,3,107,Statistics
2008,4,109,Statistics
2008,5,133,Statistics
2008,6,65,Statistics
2008,7,99,Statistics
2008,8,81,Statistics
2008,9,83,Statistics
2008,10,74,Statistics
2008,11,88,Statistics
2008,12,80,Statistics
2009,1,96,Statistics
2009,2,76,Statistics
2009,3,90,Statistics
2009,4,81,Statistics
2009,5,65,Statistics
2009,6,107,Statistics
2009,7,81,Statistics
2009,8,130,Statistics
2009,9,106,Statistics
2009,10,95,Statistics
2009,11,90,Statistics
2009,12,88,Statistics
2010,1,118,Statistics
2010,2,107,Statistics
2010,3,92,Statistics
2010,4,108,Statistics
2010,5,105,Statistics
2010,6,102,Statistics
2010,7,104,Statistics
2010,8,89,Statistics
2010,9,119,Statistics
2010,10,204,Statistics
2010,11,212,Statistics
2010,12,98,Statistics
2011,1,137,Statistics
2011,2,157,Statistics
2011,3,150,Statistics
2011,4,184,Statistics
2011,5,177,Statistics
2011,6,164,Statistics
2011,7,168,Statistics
2011,8,182,Statistics
2011,9,145,Statistics
2011,10,156,Statistics
2011,11,193,Statistics
2011,12,180,Statistics
2012,1,179,Statistics
2012,2,249,Statistics
2012,3,273,Statistics
2012,4,195,Statistics
2012,5,257,Statistics
2012,6,501,Statistics
2012,7,296,Statistics
2012,8,178,Statistics
2012,9,201,Statistics
2012,10,350,Statistics
2012,11,282,Statistics
2012,12,230,Statistics
2013,1,362,Statistics
2013,2,261,Statistics
2013,3,257,Statistics
2013,4,266,Statistics
2013,5,223,Statistics
2013,6,302,Statistics
2013,7,258,Statistics
2013,8,206,Statistics
2013,9,280,Statistics
2013,10,297,Statistics
2013,11,315,Statistics
2013,12,386,Statistics
2014,1,310,Statistics
2014,2,325,Statistics
2014,3,318,Statistics
2014,4,269,Statistics
2014,5,342,Statistics
2014,6,348,Statistics
2014,7,292,Statistics
2014,8,253,Statistics
2014,9,290,Statistics
2014,10,403,Statistics
2014,11,387,Statistics
2014,12,363,Statistics
2015,1,329,Statistics
2015,2,395,Statistics
2015,3,366,Statistics
2015,4,330,Statistics
2015,5,349,Statistics
2015,6,500,Statistics
2015,7,416,Statistics
2015,8,353,Statistics
2015,9,440,Statistics
2015,10,377,Statistics
2015,11,464,Statistics
2015,12,366,Statistics
2016,1,343,Statistics
2016,2,492,Statistics
2016,3,457,Statistics
2016,4,357,Statistics
2016,5,514,Statistics
2016,6,544,Statistics
2016,7,417,Statistics
2016,8,407,Statistics
2016,9,468,Statistics
2016,10,540,Statistics
2016,11,596,Statistics
2016,12,536,Statistics
2017,1,440,Statistics
2017,2,535,Statistics
2017,3,634,Statistics
2017,4,525,Statistics
2017,5,707,Statistics
2017,6,621,Statistics
2017,7,589,Statistics
2017,8,544,Statistics
2017,9,611,Statistics
2017,10,831,Statistics
2017,11,872,Statistics
2017,12,641,Statistics
2018,1,588,Statistics
2018,2,907,Statistics
2018,3,877,Statistics
2018,4,816,Statistics
2018,5,1182,Statistics
2018,6,1188,Statistics
2018,7,991,Statistics
2018,8,865,Statistics
2018,9,1022,Statistics
2018,10,1336,Statistics
2018,11,1272,Statistics
2018,12,1094,Statistics
2019,1,1188,Statistics
2019,2,1207,Statistics
2019,3,1106,Statistics
2019,4,1198,Statistics
2019,5,1833,Statistics
2019,6,1718,Statistics
2019,7,1291,Statistics
2019,8,1092,Statistics
2019,9,1455,Statistics
2019,10,1852,Statistics
2019,11,1602,Statistics
2019,12,1361,Statistics
2020,1,1177,Statistics
2020,2,1945,Statistics
2020,3,1489,Statistics
2020,4,1464,Statistics
2020,5,1399,Statistics
2020,6,2644,Statistics
2020,7,1896,Statistics
2020,8,1259,Statistics
2020,9,1346,Statistics
2020,10,1335,Statistics
2020,11,946,Statistics
2020,12,932,Statistics
2021,1,747,Statistics
2021,2,1014,Statistics
2021,3,908,Statistics
2021,4,744,Statistics
2021,5,872,Statistics
2021,6,1229,Statistics
2021,7,843,Statistics
2021,8,588,Statistics
2021,9,741,Statistics
2021,10,1064,Statistics
2021,11,671,Statistics
1997,2,2,Quantitative Finance
1997,5,2,Quantitative Finance
1997,6,1,Quantitative Finance
1997,7,1,Quantitative Finance
1997,8,3,Quantitative Finance
1997,9,2,Quantitative Finance
1997,10,4,Quantitative Finance
1997,11,2,Quantitative Finance
1997,12,3,Quantitative Finance
1998,1,5,Quantitative Finance
1998,2,4,Quantitative Finance
1998,3,4,Quantitative Finance
1998,4,5,Quantitative Finance
1998,5,2,Quantitative Finance
1998,6,3,Quantitative Finance
1998,7,2,Quantitative Finance
1998,8,4,Quantitative Finance
1998,9,3,Quantitative Finance
1998,10,5,Quantitative Finance
1998,11,4,Quantitative Finance
1998,12,1,Quantitative Finance
1999,1,6,Quantitative Finance
1999,2,6,Quantitative Finance
1999,3,8,Quantitative Finance
1999,5,3,Quantitative Finance
1999,6,7,Quantitative Finance
1999,7,5,Quantitative Finance
1999,8,1,Quantitative Finance
1999,9,4,Quantitative Finance
1999,10,7,Quantitative Finance
1999,11,2,Quantitative Finance
1999,12,4,Quantitative Finance
2000,1,11,Quantitative Finance
2000,2,2,Quantitative Finance
2000,3,2,Quantitative Finance
2000,4,8,Quantitative Finance
2000,5,5,Quantitative Finance
2000,6,8,Quantitative Finance
2000,7,3,Quantitative Finance
2000,8,7,Quantitative Finance
2000,9,7,Quantitative Finance
2000,10,6,Quantitative Finance
2000,11,9,Quantitative Finance
2000,12,9,Quantitative Finance
2001,1,7,Quantitative Finance
2001,2,11,Quantitative Finance
2001,3,12,Quantitative Finance
2001,4,15,Quantitative Finance
2001,5,6,Quantitative Finance
2001,6,6,Quantitative Finance
2001,7,7,Quantitative Finance
2001,8,10,Quantitative Finance
2001,9,5,Quantitative Finance
2001,10,8,Quantitative Finance
2001,11,9,Quantitative Finance
2001,12,6,Quantitative Finance
2002,1,5,Quantitative Finance
2002,2,11,Quantitative Finance
2002,3,11,Quantitative Finance
2002,4,7,Quantitative Finance
2002,5,12,Quantitative Finance
2002,6,5,Quantitative Finance
2002,7,14,Quantitative Finance
2002,8,9,Quantitative Finance
2002,9,10,Quantitative Finance
2002,10,8,Quantitative Finance
2002,11,14,Quantitative Finance
2002,12,8,Quantitative Finance
2003,1,9,Quantitative Finance
2003,2,12,Quantitative Finance
2003,3,9,Quantitative Finance
2003,4,10,Quantitative Finance
2003,5,9,Quantitative Finance
2003,6,6,Quantitative Finance
2003,7,10,Quantitative Finance
2003,8,7,Quantitative Finance
2003,9,9,Quantitative Finance
2003,10,9,Quantitative Finance
2003,11,20,Quantitative Finance
2003,12,17,Quantitative Finance
2004,1,18,Quantitative Finance
2004,2,16,Quantitative Finance
2004,3,24,Quantitative Finance
2004,4,11,Quantitative Finance
2004,5,7,Quantitative Finance
2004,6,12,Quantitative Finance
2004,7,11,Quantitative Finance
2004,8,12,Quantitative Finance
2004,9,7,Quantitative Finance
2004,10,10,Quantitative Finance
2004,11,5,Quantitative Finance
2004,12,14,Quantitative Finance
2005,1,11,Quantitative Finance
2005,2,14,Quantitative Finance
2005,3,27,Quantitative Finance
2005,4,17,Quantitative Finance
2005,5,14,Quantitative Finance
2005,6,18,Quantitative Finance
2005,7,24,Quantitative Finance
2005,8,20,Quantitative Finance
2005,9,19,Quantitative Finance
2005,10,13,Quantitative Finance
2005,11,9,Quantitative Finance
2005,12,14,Quantitative Finance
2006,1,17,Quantitative Finance
2006,2,18,Quantitative Finance
2006,3,22,Quantitative Finance
2006,4,9,Quantitative Finance
2006,5,18,Quantitative Finance
2006,6,20,Quantitative Finance
2006,7,39,Quantitative Finance
2006,8,34,Quantitative Finance
2006,9,25,Quantitative Finance
2006,10,18,Quantitative Finance
2006,11,17,Quantitative Finance
2006,12,22,Quantitative Finance
2007,1,16,Quantitative Finance
2007,2,29,Quantitative Finance
2007,3,30,Quantitative Finance
2007,4,21,Quantitative Finance
2007,5,22,Quantitative Finance
2007,6,21,Quantitative Finance
2007,7,15,Quantitative Finance
2007,8,33,Quantitative Finance
2007,9,43,Quantitative Finance
2007,10,29,Quantitative Finance
2007,11,19,Quantitative Finance
2007,12,25,Quantitative Finance
2008,1,23,Quantitative Finance
2008,2,29,Quantitative Finance
2008,3,33,Quantitative Finance
2008,4,27,Quantitative Finance
2008,5,18,Quantitative Finance
2008,6,26,Quantitative Finance
2008,7,32,Quantitative Finance
2008,8,15,Quantitative Finance
2008,9,34,Quantitative Finance
2008,10,17,Quantitative Finance
2008,11,34,Quantitative Finance
2008,12,36,Quantitative Finance
2009,1,38,Quantitative Finance
2009,2,25,Quantitative Finance
2009,3,25,Quantitative Finance
2009,4,49,Quantitative Finance
2009,5,37,Quantitative Finance
2009,6,26,Quantitative Finance
2009,7,27,Quantitative Finance
2009,8,26,Quantitative Finance
2009,9,29,Quantitative Finance
2009,10,32,Quantitative Finance
2009,11,41,Quantitative Finance
2009,12,42,Quantitative Finance
2010,1,55,Quantitative Finance
2010,2,49,Quantitative Finance
2010,3,36,Quantitative Finance
2010,4,58,Quantitative Finance
2010,5,45,Quantitative Finance
2010,6,46,Quantitative Finance
2010,7,28,Quantitative Finance
2010,8,28,Quantitative Finance
2010,9,52,Quantitative Finance
2010,10,48,Quantitative Finance
2010,11,51,Quantitative Finance
2010,12,30,Quantitative Finance
2011,1,24,Quantitative Finance
2011,2,53,Quantitative Finance
2011,3,76,Quantitative Finance
2011,4,33,Quantitative Finance
2011,5,39,Quantitative Finance
2011,6,47,Quantitative Finance
2011,7,46,Quantitative Finance
2011,8,36,Quantitative Finance
2011,9,43,Quantitative Finance
2011,10,70,Quantitative Finance
2011,11,43,Quantitative Finance
2011,12,61,Quantitative Finance
2012,1,50,Quantitative Finance
2012,2,54,Quantitative Finance
2012,3,46,Quantitative Finance
2012,4,54,Quantitative Finance
2012,5,66,Quantitative Finance
2012,6,53,Quantitative Finance
2012,7,44,Quantitative Finance
2012,8,39,Quantitative Finance
2012,9,50,Quantitative Finance
2012,10,74,Quantitative Finance
2012,11,49,Quantitative Finance
2012,12,49,Quantitative Finance
2013,1,66,Quantitative Finance
2013,2,67,Quantitative Finance
2013,3,57,Quantitative Finance
2013,4,61,Quantitative Finance
2013,5,55,Quantitative Finance
2013,6,61,Quantitative Finance
2013,7,63,Quantitative Finance
2013,8,49,Quantitative Finance
2013,9,75,Quantitative Finance
2013,10,60,Quantitative Finance
2013,11,61,Quantitative Finance
2013,12,64,Quantitative Finance
2014,1,66,Quantitative Finance
2014,2,55,Quantitative Finance
2014,3,77,Quantitative Finance
2014,4,71,Quantitative Finance
2014,5,69,Quantitative Finance
2014,6,81,Quantitative Finance
2014,7,61,Quantitative Finance
2014,8,58,Quantitative Finance
2014,9,75,Quantitative Finance
2014,10,78,Quantitative Finance
2014,11,67,Quantitative Finance
2014,12,61,Quantitative Finance
2015,1,55,Quantitative Finance
2015,2,68,Quantitative Finance
2015,3,68,Quantitative Finance
2015,4,74,Quantitative Finance
2015,5,78,Quantitative Finance
2015,6,80,Quantitative Finance
2015,7,70,Quantitative Finance
2015,8,64,Quantitative Finance
2015,9,68,Quantitative Finance
2015,10,86,Quantitative Finance
2015,11,72,Quantitative Finance
2015,12,73,Quantitative Finance
2016,1,85,Quantitative Finance
2016,2,90,Quantitative Finance
2016,3,95,Quantitative Finance
2016,4,63,Quantitative Finance
2016,5,71,Quantitative Finance
2016,6,51,Quantitative Finance
2016,7,72,Quantitative Finance
2016,8,75,Quantitative Finance
2016,9,60,Quantitative Finance
2016,10,97,Quantitative Finance
2016,11,72,Quantitative Finance
2016,12,85,Quantitative Finance
2017,1,69,Quantitative Finance
2017,2,64,Quantitative Finance
2017,3,68,Quantitative Finance
2017,4,69,Quantitative Finance
2017,5,73,Quantitative Finance
2017,6,72,Quantitative Finance
2017,7,93,Quantitative Finance
2017,8,89,Quantitative Finance
2017,9,76,Quantitative Finance
2017,10,76,Quantitative Finance
2017,11,69,Quantitative Finance
2017,12,78,Quantitative Finance
2018,1,88,Quantitative Finance
2018,2,72,Quantitative Finance
2018,3,88,Quantitative Finance
2018,4,64,Quantitative Finance
2018,5,81,Quantitative Finance
2018,6,86,Quantitative Finance
2018,7,81,Quantitative Finance
2018,8,87,Quantitative Finance
2018,9,112,Quantitative Finance
2018,10,108,Quantitative Finance
2018,11,106,Quantitative Finance
2018,12,85,Quantitative Finance
2019,1,98,Quantitative Finance
2019,2,98,Quantitative Finance
2019,3,103,Quantitative Finance
2019,4,105,Quantitative Finance
2019,5,102,Quantitative Finance
2019,6,122,Quantitative Finance
2019,7,118,Quantitative Finance
2019,8,118,Quantitative Finance
2019,9,127,Quantitative Finance
2019,10,130,Quantitative Finance
2019,11,118,Quantitative Finance
2019,12,135,Quantitative Finance
2020,1,127,Quantitative Finance
2020,2,119,Quantitative Finance
2020,3,146,Quantitative Finance
2020,4,153,Quantitative Finance
2020,5,168,Quantitative Finance
2020,6,182,Quantitative Finance
2020,7,156,Quantitative Finance
2020,8,118,Quantitative Finance
2020,9,155,Quantitative Finance
2020,10,173,Quantitative Finance
2020,11,169,Quantitative Finance
2020,12,181,Quantitative Finance
2021,1,175,Quantitative Finance
2021,2,176,Quantitative Finance
2021,3,188,Quantitative Finance
2021,4,178,Quantitative Finance
2021,5,177,Quantitative Finance
2021,6,180,Quantitative Finance
2021,7,192,Quantitative Finance
2021,8,138,Quantitative Finance
2021,9,133,Quantitative Finance
2021,10,132,Quantitative Finance
2021,11,111,Quantitative Finance
2005,5,1,Economics
2007,3,1,Economics
2007,4,2,Economics
2007,8,1,Economics
2008,6,1,Economics
2009,4,4,Economics
2009,6,1,Economics
2009,10,1,Economics
2009,12,1,Economics
2010,4,1,Economics
2010,10,1,Economics
2010,12,1,Economics
2011,4,1,Economics
2011,5,1,Economics
2011,6,1,Economics
2011,12,2,Economics
2012,6,1,Economics
2012,7,1,Economics
2012,9,1,Economics
2012,10,1,Economics
2012,12,3,Economics
2013,3,1,Economics
2013,4,2,Economics
2013,5,1,Economics
2013,7,1,Economics
2013,9,1,Economics
2013,11,3,Economics
2013,12,4,Economics
2014,2,1,Economics
2014,5,1,Economics
2014,10,1,Economics
2014,11,3,Economics
2014,12,4,Economics
2015,1,4,Economics
2015,2,2,Economics
2015,4,1,Economics
2015,5,1,Economics
2015,6,1,Economics
2015,7,2,Economics
2015,8,2,Economics
2015,10,2,Economics
2015,11,3,Economics
2015,12,2,Economics
2016,1,2,Economics
2016,2,2,Economics
2016,3,6,Economics
2016,4,3,Economics
2016,5,2,Economics
2016,6,2,Economics
2016,7,9,Economics
2016,8,5,Economics
2016,9,3,Economics
2016,10,5,Economics
2016,11,3,Economics
2016,12,4,Economics
2017,1,1,Economics
2017,2,6,Economics
2017,3,1,Economics
2017,4,5,Economics
2017,5,4,Economics
2017,6,5,Economics
2017,7,7,Economics
2017,8,7,Economics
2017,9,18,Economics
2017,10,23,Economics
2017,11,25,Economics
2017,12,25,Economics
2018,1,40,Economics
2018,2,29,Economics
2018,3,44,Economics
2018,4,35,Economics
2018,5,39,Economics
2018,6,49,Economics
2018,7,58,Economics
2018,8,57,Economics
2018,9,53,Economics
2018,10,71,Economics
2018,11,60,Economics
2018,12,66,Economics
2019,1,53,Economics
2019,2,60,Economics
2019,3,71,Economics
2019,4,72,Economics
2019,5,85,Economics
2019,6,80,Economics
2019,7,83,Economics
2019,8,100,Economics
2019,9,96,Economics
2019,10,94,Economics
2019,11,85,Economics
2019,12,84,Economics
2020,1,88,Economics
2020,2,93,Economics
2020,3,94,Economics
2020,4,129,Economics
2020,5,141,Economics
2020,6,166,Economics
2020,7,136,Economics
2020,8,106,Economics
2020,9,116,Economics
2020,10,152,Economics
2020,11,148,Economics
2020,12,168,Economics
2021,1,145,Economics
2021,2,207,Economics
2021,3,179,Economics
2021,4,152,Economics
2021,5,164,Economics
2021,6,149,Economics
2021,7,158,Economics
2021,8,125,Economics
2021,9,147,Economics
2021,10,145,Economics
2021,11,108,Economics
2010,10,1,Electrical Engineering and Systems Science
2010,11,1,Electrical Engineering and Systems Science
2011,10,3,Electrical Engineering and Systems Science
2011,11,1,Electrical Engineering and Systems Science
2012,4,2,Electrical Engineering and Systems Science
2012,7,2,Electrical Engineering and Systems Science
2012,8,1,Electrical Engineering and Systems Science
2013,1,1,Electrical Engineering and Systems Science
2013,3,1,Electrical Engineering and Systems Science
2013,6,2,Electrical Engineering and Systems Science
2013,8,2,Electrical Engineering and Systems Science
2013,10,1,Electrical Engineering and Systems Science
2014,9,1,Electrical Engineering and Systems Science
2014,10,1,Electrical Engineering and Systems Science
2014,12,1,Electrical Engineering and Systems Science
2015,1,1,Electrical Engineering and Systems Science
2015,2,6,Electrical Engineering and Systems Science
2015,3,3,Electrical Engineering and Systems Science
2015,6,2,Electrical Engineering and Systems Science
2015,7,1,Electrical Engineering and Systems Science
2015,8,1,Electrical Engineering and Systems Science
2015,9,1,Electrical Engineering and Systems Science
2015,10,3,Electrical Engineering and Systems Science
2015,12,3,Electrical Engineering and Systems Science
2016,1,3,Electrical Engineering and Systems Science
2016,2,1,Electrical Engineering and Systems Science
2016,3,4,Electrical Engineering and Systems Science
2016,5,6,Electrical Engineering and Systems Science
2016,7,2,Electrical Engineering and Systems Science
2016,8,1,Electrical Engineering and Systems Science
2016,9,4,Electrical Engineering and Systems Science
2016,10,6,Electrical Engineering and Systems Science
2016,11,3,Electrical Engineering and Systems Science
2016,12,5,Electrical Engineering and Systems Science
2017,1,2,Electrical Engineering and Systems Science
2017,2,1,Electrical Engineering and Systems Science
2017,3,7,Electrical Engineering and Systems Science
2017,4,5,Electrical Engineering and Systems Science
2017,5,11,Electrical Engineering and Systems Science
2017,6,4,Electrical Engineering and Systems Science
2017,7,15,Electrical Engineering and Systems Science
2017,8,18,Electrical Engineering and Systems Science
2017,9,85,Electrical Engineering and Systems Science
2017,10,179,Electrical Engineering and Systems Science
2017,11,234,Electrical Engineering and Systems Science
2017,12,177,Electrical Engineering and Systems Science
2018,1,191,Electrical Engineering and Systems Science
2018,2,263,Electrical Engineering and Systems Science
2018,3,318,Electrical Engineering and Systems Science
2018,4,261,Electrical Engineering and Systems Science
2018,5,268,Electrical Engineering and Systems Science
2018,6,324,Electrical Engineering and Systems Science
2018,7,348,Electrical Engineering and Systems Science
2018,8,272,Electrical Engineering and Systems Science
2018,9,254,Electrical Engineering and Systems Science
2018,10,364,Electrical Engineering and Systems Science
2018,11,456,Electrical Engineering and Systems Science
2018,12,340,Electrical Engineering and Systems Science
2019,1,315,Electrical Engineering and Systems Science
2019,2,323,Electrical Engineering and Systems Science
2019,3,395,Electrical Engineering and Systems Science
2019,4,507,Electrical Engineering and Systems Science
2019,5,687,Electrical Engineering and Systems Science
2019,6,870,Electrical Engineering and Systems Science
2019,7,1019,Electrical Engineering and Systems Science
2019,8,932,Electrical Engineering and Systems Science
2019,9,1046,Electrical Engineering and Systems Science
2019,10,1315,Electrical Engineering and Systems Science
2019,11,1169,Electrical Engineering and Systems Science
2019,12,1090,Electrical Engineering and Systems Science
2020,1,998,Electrical Engineering and Systems Science
2020,2,1267,Electrical Engineering and Systems Science
2020,3,1413,Electrical Engineering and Systems Science
2020,4,1487,Electrical Engineering and Systems Science
2020,5,1496,Electrical Engineering and Systems Science
2020,6,1350,Electrical Engineering and Systems Science
2020,7,1354,Electrical Engineering and Systems Science
2020,8,1351,Electrical Engineering and Systems Science
2020,9,1197,Electrical Engineering and Systems Science
2020,10,1403,Electrical Engineering and Systems Science
2020,11,1275,Electrical Engineering and Systems Science
2020,12,1108,Electrical Engineering and Systems Science
2021,1,978,Electrical Engineering and Systems Science
2021,2,1081,Electrical Engineering and Systems Science
2021,3,1390,Electrical Engineering and Systems Science
2021,4,1228,Electrical Engineering and Systems Science
2021,5,1141,Electrical Engineering and Systems Science
2021,6,1309,Electrical Engineering and Systems Science
2021,7,1188,Electrical Engineering and Systems Science
2021,8,1023,Electrical Engineering and Systems Science
2021,9,1200,Electrical Engineering and Systems Science
2021,10,1535,Electrical Engineering and Systems Science
2021,11,1003,Electrical Engineering and Systems Science
